,stocks,SMA42,SMA150,RSI,VAR,recomendations
0,"['CVCB3', 'SBSP3', 'LAME4', 'COGN3']",0.1830145621962484,0.21742106296296965,0.2587817293496924,0.5648862980275424,"[[' LREN3' '3']
 [' BBDC4' '3']
 [' GOAU4' '3']
 [' NTCO3' '3']
 [' LCAM3' '3']
 [' SUZB3' '3']
 [' PETR4' '3']
 [' VIVT3' '3']
 [' ITSA4' '4']
 [' UGPA3' '4']]"
1,"['HGTX3', 'CVCB3', 'ELET6', 'ABEV3', 'ENBR3', 'GOLL4', 'RADL3']",0.4678058343648932,0.36350588754419844,0.6765197102305669,0.4212333195772425,"[[' GGBR4' '2']
 [' ENGI11' '2']
 [' IRBR3' '2']
 [' LCAM3' '2']
 [' CSNA3' '3']
 [' ENEV3' '3']
 [' GNDI3' '3']
 [' PETR4' '3']
 [' LWSA3' '4']
 [' UGPA3' '5']]"
2,"['LAME4', 'SBSP3', 'TAEE11', 'GOAU4']",0.3104069469345684,0.366342454363071,0.38666139703538255,0.4162455335029144,"[[' CMIG4' '3']
 [' BBDC4' '3']
 [' ITSA4' '3']
 [' SUZB3' '3']
 [' CCRO3' '3']
 [' NTCO3' '3']
 ['B3SA3' '3']
 [' PETR4' '3']
 [' LCAM3' '4']
 [' UGPA3' '5']]"
3,"['FLRY3', 'EQTL3', 'VVAR3', 'MRVE3', 'LAME4', 'NTCO3', 'JHSF3', 'MRFG3']",0.1736751857738419,0.1836361220981283,0.20270940508740037,0.2865623040884072,"[[' SULA11' '2']
 [' ENEV3' '2']
 [' ITSA4' '2']
 [' CVCB3' '3']
 [' CMIG4' '3']
 [' VIVT3' '3']
 [' PETR4' '4']
 [' HAPV3' '4']
 [' SBSP3' '4']
 [' GOAU4' '7']]"
4,"['TIMS3', 'LREN3', 'GOLL4', 'BBDC4']",0.35841300920792796,0.36836922795968374,0.3565003094742159,0.5425559117987908,"[[' BEEF3' '2']
 [' YDUQ3' '2']
 [' ELET3' '2']
 [' GOAU4' '3']
 [' VIVT3' '3']
 [' ITSA4' '4']
 [' LCAM3' '4']
 [' SBSP3' '4']
 [' CVCB3' '4']
 [' UGPA3' '6']]"
5,"['KLBN11', 'BBDC4', 'AZUL4', 'PRIO3', 'CSNA3', 'FLRY3', 'HGTX3', 'ABEV3']",0.4276725115403237,0.40918464526853404,0.6892504681502423,0.33231224286637673,"[[' ENEV3' '3']
 [' LWSA3' '3']
 [' KLBN11' '3']
 [' GNDI3' '3']
 [' UGPA3' '3']
 [' ENBR3' '3']
 [' RADL3' '3']
 [' RAIL3' '3']
 [' SANB11' '4']
 [' PETR4' '4']]"
6,"['CVCB3', 'ITSA4', 'QUAL3', 'SBSP3', 'LREN3']",0.394593506442944,0.4245743878238394,0.4988316606107713,0.5971540610646675,"[['BRKM5' '2']
 [' GOAU4' '2']
 [' SULA11' '2']
 [' ABEV3' '2']
 [' ECOR3' '3']
 [' VIVT3' '3']
 [' RAIL3' '3']
 [' LCAM3' '4']
 [' CVCB3' '4']
 [' UGPA3' '5']]"
7,"['EMBR3', 'UGPA3', 'RAIL3', 'MULT3', 'HGTX3', 'ELET3']",0.43147257416023077,0.35020685294204024,0.5971366852018254,0.4425463252245141,"[[' CYRE3' '2']
 [' RENT3' '2']
 [' CVCB3' '3']
 [' ECOR3' '3']
 [' SBSP3' '3']
 [' LWSA3' '3']
 [' ITSA4' '3']
 [' VIVT3' '3']
 [' ENEV3' '4']
 [' LCAM3' '4']]"
8,"['EMBR3', 'ITUB4', 'PETR4', 'PCAR3']",0.3303683769289709,0.27541569401052346,0.7418092484271135,0.3767119912373864,"[[' CSNA3' '3']
 [' RAIL3' '3']
 [' IGTA3' '3']
 [' RADL3' '3']
 [' ENBR3' '3']
 [' UGPA3' '3']
 [' SANB11' '3']
 [' ENEV3' '3']
 [' BRFS3' '3']
 [' HGTX3' '5']]"
9,"['SULA11', 'BRKM5', 'VIVT3', 'FLRY3', 'JBSS3']",0.6637250963420324,0.5819963123163535,0.8282472928069995,0.48016658544152124,"[[' COGN3' '3']
 [' ABEV3' '3']
 [' BRAP4' '3']
 [' GOLL4' '3']
 [' UGPA3' '3']
 [' USIM5' '3']
 [' EQTL3' '4']
 [' CSNA3' '4']
 [' LWSA3' '4']
 [' GNDI3' '5']]"
10,"['ITUB4', 'PETR3', 'PETR4', 'HYPE3', 'LCAM3', 'NTCO3']",0.6761917021330043,0.665216372541596,0.5411192903403135,0.48835418017900645,"[[' SUZB3' '3']
 [' CSAN3' '3']
 [' UGPA3' '3']
 [' LWSA3' '3']
 [' FLRY3' '3']
 [' EQTL3' '3']
 [' TAEE11' '3']
 [' VIVT3' '4']
 [' SANB11' '4']
 [' GNDI3' '4']]"
11,"['HGTX3', 'LWSA3', 'ABEV3', 'CPLE6', 'VIVT3', 'MRFG3', 'BEEF3']",0.23172188264398846,0.17107654296190955,0.846615906739451,0.0586812777353036,"[[' PETR4' '3']
 [' CIEL3' '3']
 [' COGN3' '3']
 [' CSNA3' '3']
 [' JBSS3' '4']
 [' ITSA4' '4']
 [' HYPE3' '4']
 [' SANB11' '4']
 [' HGTX3' '5']
 [' JHSF3' '5']]"
12,"['MGLU3', 'BRFS3', 'SULA11']",0.33196694459006715,0.3282212871935203,0.49544597128803475,0.3175458627770029,"[[' CYRE3' '3']
 [' VIVT3' '3']
 [' BRML3' '3']
 [' CMIG4' '3']
 [' BBAS3' '3']
 [' GOAU4' '3']
 [' BIDI11' '3']
 [' ENEV3' '4']
 [' JHSF3' '4']
 [' UGPA3' '4']]"
13,"['CVCB3', 'BBAS3', 'HGTX3', 'ITSA4', 'LREN3', 'JBSS3', 'RADL3', 'COGN3']",0.2532709668097326,0.2288387330749787,0.7276167606540229,0.2941116591818477,"[[' BIDI11' '2']
 [' EQTL3' '2']
 [' KLBN11' '2']
 [' IGTA3' '3']
 [' JHSF3' '3']
 [' ITUB4' '3']
 [' ENBR3' '3']
 [' CCRO3' '3']
 [' VIVT3' '3']
 [' PETR4' '4']]"
14,"['ITUB4', 'ENGI11', 'PETR4', 'RADL3', 'LWSA3', 'EQTL3', 'CSNA3', 'BRKM5']",0.549988026874274,0.5133245868795997,0.8040153169055253,0.27634823376656925,"[[' KLBN11' '3']
 [' USIM5' '3']
 [' RAIL3' '3']
 [' ABEV3' '3']
 [' ENEV3' '3']
 [' JBSS3' '3']
 [' BRAP4' '3']
 [' COGN3' '3']
 [' GNDI3' '4']
 [' SANB11' '4']]"
15,"['ENBR3', 'CPLE6', 'KLBN11', 'HYPE3', 'GGBR4', 'GOAU4', 'HAPV3', 'MRVE3']",0.1551413384039052,0.16748388970561046,0.4617363821175475,0.09560865149336781,"[['FLRY3' '2']
 [' NTCO3' '2']
 [' BRFS3' '3']
 [' PETR4' '3']
 [' VVAR3' '3']
 [' EQTL3' '3']
 [' CCRO3' '3']
 [' ENBR3' '4']
 [' BRML3' '4']
 [' JHSF3' '8']]"
16,"['ABEV3', 'RENT3', 'BRFS3', 'LCAM3', 'ELET3']",0.5092001527336062,0.48169782588355425,0.4525500974399264,0.35220084345011005,"[[' SUZB3' '3']
 [' TAEE11' '3']
 [' CVCB3' '3']
 [' BRML3' '3']
 [' KLBN11' '3']
 [' LWSA3' '3']
 [' UGPA3' '3']
 [' NTCO3' '4']
 [' ENEV3' '4']
 [' VIVT3' '6']]"
17,"['NTCO3', 'BIDI11', 'RENT3', 'CPLE6']",1.0,1.0,0.4174830183951855,0.7383995087279591,"[[' GNDI3' '2']
 [' SUZB3' '2']
 [' AZUL4' '2']
 [' JBSS3' '3']
 [' SANB11' '3']
 [' COGN3' '3']
 [' KLBN11' '3']
 [' FLRY3' '3']
 [' ELET3' '3']
 [' VIVT3' '4']]"
18,"['EZTC3', 'BPAC11', 'QUAL3', 'CSAN3', 'GOLL4', 'EGIE3', 'SANB11', 'BRAP4', 'BRFS3', 'AMER3']",0.6489139582088588,0.7104758279144698,0.29169405051736713,0.5315874631078172,"[[' GOAU4' '2']
 [' LWSA3' '3']
 [' TAEE11' '3']
 [' SUZB3' '3']
 [' FLRY3' '3']
 [' UGPA3' '4']
 [' VIVT3' '4']
 [' NTCO3' '4']
 [' LCAM3' '4']
 [' ITSA4' '4']]"
19,"['ENGI11', 'TAEE11', 'CRFB3', 'GNDI3', 'BPAC11', 'JHSF3']",0.5246885393307029,0.5251043199031978,0.4272420440615993,0.2613630004599171,"[[' ITSA4' '3']
 [' UGPA3' '3']
 [' LWSA3' '3']
 [' KLBN11' '4']
 [' LCAM3' '4']
 [' CVCB3' '4']
 [' GOAU4' '4']
 [' ENEV3' '4']
 [' VIVT3' '6']
 [' NTCO3' '6']]"
20,"['GOAU4', 'ENEV3', 'CYRE3', 'EMBR3', 'BRFS3', 'RENT3']",0.42734237427290733,0.40606671635512803,0.6206953254419703,0.2573273409040856,"[[' ELET3' '2']
 [' BRDT3' '2']
 [' PETR4' '2']
 [' KLBN11' '3']
 [' CSNA3' '3']
 [' JHSF3' '3']
 [' HGTX3' '3']
 [' UGPA3' '3']
 [' CCRO3' '4']
 [' ENBR3' '4']]"
21,"['ENEV3', 'GGBR4', 'VVAR3', 'CSAN3', 'YDUQ3', 'VIVT3', 'USIM5', 'PETR4']",0.2976433510012323,0.29620677756464486,0.7742215039345781,0.133250878247299,"[[' BRFS3' '3']
 [' LWSA3' '3']
 [' GOAU4' '3']
 [' HYPE3' '3']
 [' ENBR3' '3']
 [' IGTA3' '3']
 [' JBSS3' '3']
 [' RAIL3' '3']
 [' SANB11' '4']
 [' JHSF3' '4']]"
22,"['QUAL3', 'GOLL4', 'USIM5', 'BBAS3', 'ENEV3', 'LWSA3', 'CPFE3', 'NTCO3', 'CSNA3', 'BPAC11']",0.4247319963538607,0.42961247229355426,0.6262593415351638,0.3252352173655094,"[[' IRBR3' '2']
 [' MRVE3' '2']
 [' KLBN11' '3']
 [' BRFS3' '3']
 [' RENT3' '3']
 [' UGPA3' '3']
 [' SANB11' '3']
 [' LCAM3' '3']
 [' CCRO3' '4']
 [' ENBR3' '4']]"
23,"['CSNA3', 'QUAL3', 'BBDC3']",0.45821745354725685,0.47372731084768005,0.905776701582135,0.25459303954338897,"[[' RADL3' '3']
 [' BRKM5' '3']
 [' BRFS3' '3']
 [' ENEV3' '3']
 [' VIVT3' '3']
 [' USIM5' '4']
 [' SANB11' '4']
 [' LWSA3' '4']
 [' PETR4' '5']
 [' CSNA3' '5']]"
24,"['TOTS3', 'HGTX3', 'GNDI3', 'CPLE6', 'JBSS3', 'ITSA4']",0.24722194131438052,0.15817616294955794,1.0,0.12558331602479392,"[[' VIVT3' '3']
 [' HYPE3' '3']
 [' JHSF3' '3']
 [' RAIL3' '3']
 [' LWSA3' '3']
 [' USIM5' '3']
 [' RADL3' '3']
 [' BBDC3' '3']
 [' SANB11' '4']
 [' PETR4' '4']]"
25,"['HYPE3', 'MRVE3', 'BRAP4', 'JBSS3', 'IRBR3']",0.36512426480726634,0.3809341739222618,0.9008512002588394,0.2584902925326875,"[[' BRKM5' '3']
 [' HGTX3' '3']
 [' BRFS3' '3']
 [' RADL3' '3']
 [' JHSF3' '3']
 [' USIM5' '4']
 [' SANB11' '4']
 [' LWSA3' '4']
 [' PETR4' '5']
 [' CSNA3' '5']]"
26,"['CCRO3', 'RAIL3', 'IGTA3', 'RADL3', 'TOTS3']",0.3476474022785325,0.32552596556333346,0.713184055288812,0.3108395428223869,"[[' UGPA3' '3']
 [' SANB11' '3']
 [' ENBR3' '3']
 [' CCRO3' '3']
 [' ENEV3' '3']
 [' BRFS3' '3']
 [' USIM5' '3']
 [' MULT3' '3']
 [' PETR4' '4']
 [' HGTX3' '5']]"
27,"['VALE3', 'IRBR3', 'TIMS3', 'MRVE3', 'CVCB3', 'LCAM3']",0.42360895932280496,0.42254258686075863,0.4637023008973385,0.3428512553652162,"[[' BRFS3' '3']
 [' BRML3' '3']
 [' KLBN11' '3']
 [' LWSA3' '3']
 [' JHSF3' '3']
 [' GOAU4' '3']
 [' ENEV3' '4']
 [' TAEE11' '4']
 [' VIVT3' '5']
 [' UGPA3' '5']]"
28,"['ENEV3', 'SANB11', 'MRFG3', 'PETR4', 'HYPE3', 'ITUB4']",0.3625334497924819,0.35879430513893584,0.816127728497422,0.21506405220079186,"[[' RAIL3' '3']
 [' HGTX3' '3']
 [' BRFS3' '3']
 [' LWSA3' '3']
 [' VIVT3' '3']
 [' BBAS3' '3']
 [' ENEV3' '3']
 [' USIM5' '4']
 [' CSNA3' '4']
 [' JHSF3' '4']]"
29,"['GGBR4', 'CVCB3', 'CMIG4', 'B3SA3', 'ENGI11']",0.311702525278021,0.30047359580154853,0.37741149103743415,0.3734242933463803,"[[' VIVT3' '3']
 [' SUZB3' '3']
 [' EGIE3' '3']
 [' NTCO3' '3']
 [' UGPA3' '3']
 ['B3SA3' '3']
 [' CCRO3' '3']
 [' ITSA4' '3']
 [' GOAU4' '4']
 [' LCAM3' '4']]"
30,"['B3SA3', 'VIVT3', 'LCAM3', 'LWSA3']",0.4084359750601051,0.46066692565033585,0.4684289161552683,0.47242024861839405,"[[' GOLL4' '2']
 ['QUAL3' '2']
 [' ITSA4' '3']
 [' ECOR3' '3']
 [' CVCB3' '3']
 [' ELET3' '3']
 [' CSAN3' '3']
 [' NTCO3' '4']
 [' SBSP3' '4']
 [' UGPA3' '5']]"
31,"['ITUB4', 'SANB11', 'JHSF3', 'BRFS3', 'RAIL3']",0.24664354781461612,0.24091867533548722,0.9736713904078047,0.1531519925824816,"[[' HYPE3' '3']
 [' GNDI3' '3']
 [' ITSA4' '3']
 [' LWSA3' '3']
 [' USIM5' '3']
 [' BBDC3' '3']
 [' RADL3' '3']
 [' JBSS3' '4']
 [' HGTX3' '4']
 [' PETR4' '4']]"
32,"['TOTS3', 'USIM5', 'LCAM3', 'RAIL3', 'HYPE3', 'SANB11', 'WEGE3', 'BBDC3', 'GNDI3']",0.39282772906393293,0.4064183779816437,0.8442980907535422,0.239254000477694,"[[' ENBR3' '2']
 [' GOLL4' '2']
 [' BBAS3' '2']
 [' BRKM5' '3']
 [' HGTX3' '3']
 [' ENEV3' '3']
 [' LWSA3' '4']
 [' RADL3' '4']
 [' PETR4' '5']
 [' CSNA3' '5']]"
33,"['VALE3', 'COGN3', 'BIDI11']",0.7375335862622041,0.7198012408037056,0.6097339442684515,0.3386584745799972,"[[' BRKM5' '3']
 [' VIVT3' '3']
 [' FLRY3' '3']
 [' JBSS3' '3']
 [' CSAN3' '3']
 [' BRAP4' '3']
 [' BPAC11' '3']
 [' EQTL3' '4']
 [' SANB11' '4']
 [' LWSA3' '4']]"
34,"['IRBR3', 'PRIO3', 'SUZB3', 'PETR4', 'EGIE3', 'BBDC4', 'CRFB3']",0.22378380030799672,0.2370387148673972,0.3533490466762956,0.25362502598913306,"[[' VVAR3' '3']
 [' NTCO3' '3']
 [' SBSP3' '3']
 [' CYRE3' '3']
 [' CCRO3' '3']
 [' KLBN11' '3']
 [' HAPV3' '4']
 [' JHSF3' '4']
 [' TAEE11' '4']
 [' GOAU4' '6']]"
35,"['HYPE3', 'CVCB3', 'CRFB3', 'VIVT3', 'EQTL3', 'KLBN11', 'BBDC4', 'NTCO3', 'GOAU4']",0.3830576194792753,0.39539504455487373,0.3691341051664249,0.1691450592969588,"[[' ENEV3' '2']
 [' EGIE3' '3']
 [' PETR4' '3']
 [' SUZB3' '3']
 [' BIDI11' '3']
 [' ENBR3' '3']
 [' CMIG4' '4']
 [' TAEE11' '4']
 [' BRML3' '4']
 [' JHSF3' '5']]"
36,"['HAPV3', 'ITSA4', 'BRAP4', 'GOAU4', 'CIEL3', 'BEEF3', 'ELET6']",0.1564635235263665,0.13147964300369963,0.568594021182133,0.04072723566293798,"[[' CPLE6' '3']
 [' GGBR4' '3']
 [' VVAR3' '3']
 [' HGTX3' '3']
 [' CCRO3' '3']
 [' VIVT3' '3']
 [' ENBR3' '4']
 [' BRML3' '4']
 [' PETR4' '4']
 [' JHSF3' '6']]"
37,"['ECOR3', 'VVAR3', 'JHSF3', 'HYPE3', 'CSNA3', 'HGTX3']",0.09933373263159673,0.06594933852472118,0.570052302012235,0.13723141547071196,"[[' B3SA3' '2']
 [' MRFG3' '2']
 [' BRML3' '3']
 [' CPLE6' '3']
 [' ITSA4' '3']
 [' RADL3' '3']
 [' PETR4' '3']
 [' CCRO3' '3']
 [' GOAU4' '4']
 [' ENBR3' '4']]"
38,"['MULT3', 'WEGE3', 'FLRY3', 'ELET3', 'BIDI11', 'UGPA3', 'BBAS3']",0.5065958949902885,0.484117701679753,0.44305241866631345,0.5696955270774456,"[['ABEV3' '2']
 [' RAIL3' '2']
 [' CVCB3' '3']
 [' ITSA4' '3']
 [' SBSP3' '3']
 [' VIVT3' '3']
 [' ECOR3' '3']
 [' CSAN3' '3']
 [' NTCO3' '4']
 [' LCAM3' '6']]"
39,"['BBSE3', 'HAPV3', 'RAIL3', 'TAEE11', 'CMIG4', 'PETR4', 'BBDC3', 'SBSP3', 'SUZB3', 'CYRE3']",0.3312971072237133,0.3768737534043529,0.30851698289122803,0.25398388626957447,"[[' FLRY3' '2']
 [' EGIE3' '3']
 [' KLBN11' '3']
 [' ITSA4' '3']
 [' CCRO3' '3']
 [' BRML3' '3']
 [' NTCO3' '4']
 [' CVCB3' '4']
 [' VIVT3' '4']
 [' GOAU4' '5']]"
40,"['CPLE6', 'HGTX3', 'BRFS3', 'ELET3', 'CCRO3', 'BPAC11', 'IGTA3']",0.3163485199251689,0.2465104002800152,0.5733284217461452,0.22873717488834053,"[[' ITUB4' '2']
 [' CMIG4' '2']
 [' YDUQ3' '2']
 [' BRML3' '3']
 [' BIDI11' '3']
 [' BBAS3' '3']
 [' VIVT3' '3']
 [' ENBR3' '4']
 [' PETR4' '4']
 [' JHSF3' '5']]"
41,"['MULT3', 'KLBN11', 'EZTC3', 'BIDI11', 'VIVT3', 'ENEV3']",0.38453194311585126,0.4056228929085387,0.5961638921697412,0.28579876512401126,"[[' GOAU4' '2']
 [' BRDT3' '2']
 [' BRFS3' '3']
 [' BBAS3' '3']
 [' CSNA3' '3']
 [' HGTX3' '3']
 [' JHSF3' '4']
 [' CCRO3' '4']
 [' ENBR3' '4']
 [' UGPA3' '4']]"
42,"['GGBR4', 'LWSA3', 'KLBN11', 'GNDI3', 'BRKM5', 'UGPA3']",0.42958767092344496,0.4055761653458647,0.7645936190707794,0.2817545682563539,"[[' YDUQ3' '2']
 [' HGTX3' '3']
 [' RAIL3' '3']
 [' SANB11' '3']
 [' RADL3' '3']
 [' ENEV3' '3']
 [' ENBR3' '3']
 [' USIM5' '4']
 [' CSNA3' '5']
 [' PETR4' '5']]"
43,"['ELET6', 'SULA11', 'SBSP3', 'CYRE3', 'VIVT3', 'VVAR3', 'HAPV3', 'RAIL3', 'ENEV3']",0.3561816748990422,0.37508283939908504,0.4268708615343281,0.37747932911038007,"[[' RENT3' '2']
 [' TAEE11' '3']
 [' CVCB3' '3']
 [' CMIG4' '3']
 [' ITSA4' '3']
 [' NTCO3' '3']
 [' BRML3' '3']
 [' GOAU4' '4']
 [' UGPA3' '4']
 [' LCAM3' '5']]"
44,"['JHSF3', 'PETR3', 'BBDC3', 'RADL3']",0.10080245550737293,0.08655956567221457,0.7313855063913481,0.008337770364734848,"[[' GGBR4' '3']
 [' JBSS3' '3']
 [' ENBR3' '3']
 [' SANB11' '3']
 [' CPLE6' '4']
 [' BRFS3' '4']
 [' ITSA4' '5']
 [' GOAU4' '5']
 [' HGTX3' '6']
 [' JHSF3' '6']]"
45,"['TAEE11', 'EQTL3', 'BEEF3', 'GNDI3', 'BBDC3', 'SBSP3', 'CSNA3', 'SANB11', 'KLBN11']",0.7133463952636853,0.7502510425792699,0.8014459179355953,0.39650224311402915,"[[' RENT3' '2']
 [' JBSS3' '3']
 [' COGN3' '3']
 [' LCAM3' '3']
 [' NTCO3' '3']
 [' GOLL4' '3']
 [' ABEV3' '3']
 [' USIM5' '3']
 [' BRKM5' '4']
 [' LWSA3' '4']]"
46,"['BEEF3', 'CPLE6', 'MRVE3']",0.0,0.0,0.24444938549572753,0.0,"[[' HAPV3' '3']
 [' ENBR3' '3']
 [' BRML3' '3']
 [' HYPE3' '3']
 [' VVAR3' '3']
 [' BBDC3' '3']
 [' CMIG4' '3']
 [' PETR4' '4']
 [' GOAU4' '5']
 [' JHSF3' '6']]"
47,"['JBSS3', 'CSAN3', 'YDUQ3', 'GGBR4', 'PCAR3', 'ENGI11', 'BBDC4', 'UGPA3', 'ECOR3', 'PETR4']",0.3914968627265122,0.3693452053312519,0.5522465031661321,0.5589663646150591,"[[' CPFE3' '2']
 [' SULA11' '2']
 [' ENEV3' '2']
 [' ITSA4' '3']
 [' RAIL3' '3']
 [' LWSA3' '3']
 [' CVCB3' '3']
 [' GOLL4' '3']
 [' SBSP3' '4']
 [' LCAM3' '4']]"
48,"['GOLL4', 'BRML3', 'CPLE6', 'AZUL4', 'JHSF3']",0.08774976076804542,0.07362905011584392,0.5821371625247547,0.2530262107136618,"[['GOAU4' '2']
 [' B3SA3' '2']
 [' IRBR3' '2']
 [' ITSA4' '3']
 [' RADL3' '3']
 [' CCRO3' '3']
 [' HGTX3' '4']
 [' GOAU4' '4']
 [' ENBR3' '4']
 [' PETR4' '4']]"
49,"['CSAN3', 'CIEL3', 'VIVT3', 'COGN3', 'PCAR3', 'AZUL4', 'ELET3', 'KLBN11']",0.4984374742700982,0.44256431962270526,0.2981407362379574,1.0000000000000002,"[[' SANB11' '2']
 [' GOAU4' '2']
 [' SUZB3' '2']
 [' ITSA4' '3']
 [' SBSP3' '3']
 [' CVCB3' '3']
 [' CSAN3' '3']
 [' LCAM3' '3']
 [' NTCO3' '3']
 [' UGPA3' '4']]"
50,"['EGIE3', 'SBSP3', 'ECOR3', 'SANB11', 'CSAN3', 'COGN3', 'EQTL3', 'BRAP4']",0.4398028889511211,0.4817566326934374,0.6147096301434094,0.4658550993945685,"[[' ABEV3' '3']
 [' ELET3' '3']
 [' CVCB3' '3']
 [' RENT3' '3']
 [' LWSA3' '3']
 [' VIVT3' '3']
 [' ITSA4' '3']
 [' ENEV3' '4']
 [' UGPA3' '5']
 [' LCAM3' '5']]"
51,"['ABEV3', 'UGPA3', 'GGBR4', 'CRFB3', 'EZTC3']",0.33634683671108356,0.37916919568546525,0.4981209586553063,0.4744316570095991,"[[' BBAS3' '2']
 [' ITSA4' '3']
 [' VIVT3' '3']
 [' LWSA3' '3']
 [' ECOR3' '3']
 [' ENEV3' '3']
 [' GOLL4' '3']
 [' LCAM3' '4']
 [' SBSP3' '4']
 [' CVCB3' '4']]"
52,"['YDUQ3', 'ENBR3', 'VIVT3', 'GOAU4', 'JBSS3', 'BRML3', 'HYPE3', 'MGLU3']",0.22646217970990928,0.22691878987613923,0.9647335038994038,0.1667048845308957,"[[' RAIL3' '3']
 [' GNDI3' '3']
 [' ITSA4' '3']
 [' LWSA3' '3']
 [' USIM5' '3']
 [' RADL3' '3']
 [' BBDC3' '3']
 [' SANB11' '4']
 [' HGTX3' '4']
 [' PETR4' '4']]"
53,"['B3SA3', 'MULT3', 'CCRO3', 'RENT3']",0.304807437791351,0.3201676277554746,0.5318176450350971,0.24062558504263334,"[[' CYRE3' '3']
 [' B3SA3' '3']
 [' IRBR3' '3']
 [' BIDI11' '3']
 [' BBAS3' '3']
 [' VIVT3' '3']
 [' CMIG4' '3']
 [' ENBR3' '4']
 [' ENEV3' '4']
 [' JHSF3' '5']]"
54,"['ELET6', 'BRAP4', 'BRKM5']",0.9335123518843357,0.8343919029447137,0.7231979226472625,0.5600241248820129,"[[' ELET3' '2']
 [' JBSS3' '3']
 [' GNDI3' '3']
 [' COGN3' '3']
 [' BIDI11' '3']
 [' RENT3' '3']
 [' LWSA3' '3']
 [' CSAN3' '3']
 [' EQTL3' '4']
 [' SANB11' '4']]"
55,"['HGTX3', 'VALE3', 'EQTL3', 'GOLL4']",0.8673065087735471,0.8712083345894995,0.6125593232650366,0.5110490363837601,"[[' BRKM5' '3']
 [' JBSS3' '3']
 [' SANB11' '3']
 [' BIDI11' '3']
 [' GNDI3' '3']
 [' RENT3' '3']
 [' LWSA3' '3']
 [' VIVT3' '3']
 [' FLRY3' '3']
 [' TAEE11' '3']]"
56,"['GOAU4', 'IGTA3', 'CIEL3', 'JHSF3', 'BRKM5']",0.24575602668681645,0.1995018928550395,0.8279944262338657,0.23872341744118133,"[[' HYPE3' '3']
 [' USIM5' '3']
 [' RAIL3' '3']
 [' LWSA3' '3']
 [' ITUB4' '3']
 [' GNDI3' '3']
 [' HGTX3' '4']
 [' JBSS3' '4']
 [' PETR4' '4']
 [' SANB11' '4']]"
57,"['MULT3', 'BBDC3', 'GOAU4', 'UGPA3', 'BBSE3', 'BRDT3', 'CYRE3']",0.2636139582893041,0.26513418128011124,0.5869526596711017,0.2696688720828365,"[[' YDUQ3' '2']
 [' BRFS3' '3']
 [' BRML3' '3']
 [' BBAS3' '3']
 [' BIDI11' '3']
 [' VIVT3' '3']
 [' ENBR3' '4']
 [' CCRO3' '4']
 [' PETR4' '4']
 [' JHSF3' '5']]"
58,"['HAPV3', 'EMBR3', 'SANB11', 'GGBR4', 'QUAL3', 'JHSF3', 'ENBR3', 'B3SA3', 'MRVE3', 'CCRO3']",0.2939636436689401,0.30546010758089015,0.6569017562478541,0.20675585790440323,"[[' ENEV3' '2']
 [' MRFG3' '2']
 ['GOAU4' '2']
 [' ITUB4' '2']
 [' BRML3' '3']
 [' BIDI11' '3']
 [' VIVT3' '3']
 [' HGTX3' '3']
 [' BRFS3' '4']
 [' PETR4' '5']]"
59,"['ECOR3', 'USIM5', 'RENT3', 'LWSA3', 'CVCB3']",0.4852899771928304,0.49328030877561524,0.47721343803191846,0.477428728936795,"[[' SUZB3' '3']
 [' ITSA4' '3']
 [' NTCO3' '3']
 [' ECOR3' '3']
 [' ELET3' '3']
 [' SBSP3' '3']
 [' CSAN3' '3']
 [' VIVT3' '4']
 [' LCAM3' '5']
 [' UGPA3' '5']]"
60,"['LCAM3', 'BRML3', 'CIEL3', 'UGPA3', 'GNDI3']",0.4154449589958027,0.45114762474686365,0.513776023846926,0.4648034252213661,"[[' VIVT3' '3']
 [' LWSA3' '3']
 [' CVCB3' '3']
 [' ITSA4' '3']
 [' ECOR3' '3']
 [' ELET3' '3']
 [' ENEV3' '3']
 [' GOLL4' '3']
 [' SBSP3' '4']
 [' LCAM3' '5']]"
61,"['GNDI3', 'JHSF3', 'MGLU3', 'B3SA3', 'MRFG3', 'VVAR3', 'PETR4', 'IRBR3', 'BIDI11']",0.3268707856267984,0.284996634442803,0.4964139566920422,0.1545399015384982,"[[' EGIE3' '3']
 [' TAEE11' '3']
 [' CYRE3' '3']
 [' HAPV3' '3']
 [' CCRO3' '4']
 [' BRML3' '4']
 [' BRFS3' '4']
 [' KLBN11' '4']
 [' ENBR3' '5']
 [' GOAU4' '5']]"
62,"['PETR4', 'TAEE11', 'BRML3', 'KLBN11', 'EGIE3']",0.37939695490568937,0.405474692496417,0.5113422825274863,0.23320404369677508,"[[' RENT3' '3']
 [' CYRE3' '3']
 [' EQTL3' '3']
 [' BPAC11' '3']
 [' CCRO3' '4']
 [' ENBR3' '4']
 [' VIVT3' '4']
 [' ENEV3' '4']
 [' BRFS3' '4']
 [' JHSF3' '6']]"
63,"['BBAS3', 'AMER3', 'PRIO3', 'TAEE11', 'ELET6']",0.6783046600319881,0.7213659952407068,0.2953821561170528,0.6640157329294747,"[[' SUZB3' '3']
 [' FLRY3' '3']
 [' ELET3' '3']
 [' BIDI11' '3']
 [' CVCB3' '3']
 [' RENT3' '3']
 [' ITSA4' '3']
 [' VIVT3' '4']
 [' LCAM3' '4']
 [' NTCO3' '4']]"
64,"['SUZB3', 'AMER3', 'FLRY3', 'ENGI11', 'PETR4', 'MRVE3', 'ITUB4', 'ITSA4']",0.47067194704731097,0.5592448166396159,0.19448375053136208,0.32925763438545297,"[[' RAIL3' '3']
 [' SBSP3' '3']
 [' LWSA3' '3']
 [' SUZB3' '4']
 [' TAEE11' '4']
 [' CVCB3' '4']
 [' LCAM3' '4']
 [' GOAU4' '5']
 [' NTCO3' '5']
 [' VIVT3' '6']]"
65,"['AMER3', 'RAIL3', 'CIEL3', 'VALE3', 'MULT3', 'UGPA3', 'LWSA3']",0.6721217162715715,0.7261053140060029,0.29625866862147515,0.4351353210473351,"[[' GOAU4' '2']
 [' SUZB3' '3']
 [' TAEE11' '3']
 [' FLRY3' '3']
 [' ITSA4' '3']
 [' CVCB3' '3']
 [' AMER3' '4']
 [' VIVT3' '4']
 [' NTCO3' '4']
 [' LCAM3' '5']]"
66,"['PRIO3', 'CMIG4', 'JHSF3', 'BRAP4', 'YDUQ3', 'CCRO3', 'ENBR3', 'ENGI11']",0.4230719963190923,0.4284276673544257,0.5601028990430807,0.21950912904024436,"[[' IGTA3' '2']
 [' ENEV3' '3']
 [' RENT3' '3']
 [' BIDI11' '3']
 [' VIVT3' '3']
 [' BBAS3' '3']
 [' NTCO3' '3']
 [' BPAC11' '3']
 [' KLBN11' '4']
 [' BRFS3' '4']]"
67,"['BRFS3', 'ENBR3', 'BBSE3']",0.30667277201880405,0.2967469278186512,0.5530976498720908,0.24452152715280137,"[[' BRFS3' '3']
 [' CYRE3' '3']
 [' BRML3' '3']
 [' IRBR3' '3']
 [' BIDI11' '3']
 [' VIVT3' '3']
 [' CCRO3' '4']
 [' BBAS3' '4']
 [' ENEV3' '4']
 [' JHSF3' '5']]"
68,"['FLRY3', 'TIMS3', 'NTCO3', 'CMIG4', 'BBAS3', 'JHSF3', 'GOAU4', 'UGPA3', 'EGIE3', 'HYPE3']",0.36038610396854,0.3669956179326863,0.4136850865825645,0.22753105085413186,"[[' BRML3' '3']
 [' PETR4' '3']
 [' SBSP3' '3']
 [' CYRE3' '3']
 [' BRFS3' '3']
 [' CCRO3' '3']
 [' BIDI11' '3']
 [' ENBR3' '3']
 [' ENEV3' '3']
 [' VIVT3' '5']]"
69,"['QUAL3', 'ITUB4', 'SUZB3', 'NTCO3', 'CSAN3', 'TOTS3']",0.5420698905090261,0.5776463224973337,0.3939986047958531,0.41150893950824396,"[[' FLRY3' '3']
 [' LWSA3' '3']
 [' CVCB3' '3']
 [' SANB11' '3']
 [' MRVE3' '3']
 [' AMER3' '3']
 [' ITSA4' '4']
 [' UGPA3' '4']
 [' VIVT3' '5']
 [' LCAM3' '6']]"
70,"['EQTL3', 'CVCB3', 'NTCO3', 'GOAU4']",0.44996584924525285,0.4000953185305661,0.2961058153220569,0.42644577995958743,"[[' BRML3' '2']
 [' SBSP3' '3']
 [' TAEE11' '3']
 [' MRVE3' '3']
 [' FLRY3' '3']
 [' VIVT3' '4']
 [' ITSA4' '4']
 [' UGPA3' '4']
 [' SUZB3' '4']
 [' LCAM3' '5']]"
71,"['BIDI11', 'COGN3', 'LWSA3', 'CSNA3', 'GOAU4', 'USIM5', 'ECOR3']",0.38831290458745327,0.34347463717602356,0.7667775243027513,0.10320859020737036,"[[' ENEV3' '2']
 [' ABEV3' '2']
 [' PETR4' '3']
 [' BRFS3' '3']
 [' SANB11' '3']
 [' CCRO3' '3']
 [' IGTA3' '3']
 [' VIVT3' '4']
 [' HGTX3' '4']
 [' JHSF3' '4']]"
72,"['LAME4', 'BRDT3', 'IRBR3', 'PETR4', 'CSNA3']",0.28724233446524705,0.28583623277439674,0.7098451306995746,0.32034782736161993,"[[' USIM5' '2']
 [' RENT3' '2']
 [' IGTA3' '3']
 [' BBAS3' '3']
 [' JHSF3' '3']
 [' CCRO3' '3']
 [' VIVT3' '3']
 [' ENEV3' '3']
 [' HGTX3' '4']
 [' BRFS3' '4']]"
73,"['ELET3', 'ITSA4', 'RADL3', 'TIMS3', 'ECOR3', 'ENEV3', 'PRIO3']",0.13409894738156608,0.11429955939433428,0.4560982834011332,0.0053198870235657,"[[' HYPE3' '3']
 [' PETR4' '3']
 [' VVAR3' '3']
 [' EQTL3' '3']
 [' CCRO3' '3']
 [' MRVE3' '4']
 [' ENBR3' '4']
 [' BRML3' '4']
 [' GOAU4' '5']
 [' JHSF3' '8']]"
74,"['VALE3', 'JBSS3', 'TOTS3', 'SANB11']",0.9847813249441232,0.984989804166076,0.7087166064791746,0.4302269495093042,"[[' BRAP4' '3']
 [' BRKM5' '3']
 [' GNDI3' '3']
 [' COGN3' '3']
 [' RENT3' '3']
 [' VIVT3' '3']
 [' LWSA3' '3']
 [' CSAN3' '3']
 [' TAEE11' '3']
 [' EQTL3' '4']]"
75,"['HAPV3', 'GOAU4', 'VIVT3', 'ITSA4', 'AMER3', 'UGPA3']",0.39188183789168984,0.45695559964800536,0.2839613909470347,0.3111445935747984,"[[' CCRO3' '2']
 [' BRFS3' '2']
 [' CMIG4' '3']
 [' SBSP3' '3']
 [' KLBN11' '3']
 [' SUZB3' '4']
 [' CVCB3' '4']
 [' LCAM3' '4']
 [' TAEE11' '5']
 [' NTCO3' '5']]"
76,"['BRML3', 'SUZB3', 'ITSA4', 'CCRO3', 'NTCO3', 'SANB11', 'LCAM3', 'ECOR3', 'BEEF3', 'AZUL4']",0.4412317764733734,0.45185116107079126,0.44046783352790414,0.4165009573956737,"[[' CSAN3' '2']
 [' FLRY3' '2']
 [' LREN3' '2']
 [' CVCB3' '3']
 [' ELET3' '3']
 [' GOAU4' '3']
 [' TAEE11' '3']
 [' VIVT3' '4']
 [' SBSP3' '4']
 [' UGPA3' '5']]"
77,"['MRVE3', 'SULA11', 'VIVT3']",0.5291710022172169,0.6017656072261318,0.3699962689025304,0.5210468187874921,"[[' FLRY3' '3']
 [' UGPA3' '3']
 [' LWSA3' '3']
 [' CVCB3' '3']
 [' SANB11' '3']
 [' AMER3' '3']
 [' ITSA4' '3']
 [' TAEE11' '3']
 [' NTCO3' '4']
 [' LCAM3' '5']]"
78,"['VVAR3', 'HAPV3', 'SANB11', 'BRFS3', 'JHSF3', 'ENBR3', 'GOAU4', 'BRML3', 'PETR4']",0.17282077246924704,0.16902528355943436,0.41014240356963755,0.14781319641532872,"[[' NTCO3' '2']
 [' BBDC3' '2']
 [' UGPA3' '2']
 [' BBSE3' '2']
 [' CYRE3' '2']
 [' BBAS3' '2']
 [' HYPE3' '3']
 [' EQTL3' '3']
 [' VVAR3' '3']
 [' CMIG4' '3']]"
79,"['ENBR3', 'HGTX3', 'ITSA4', 'CSAN3', 'TAEE11', 'MULT3', 'BRFS3', 'BEEF3']",0.3145883722878461,0.2837110887598002,0.7977043142755313,0.1522571061429935,"[[' LWSA3' '3']
 [' GOAU4' '3']
 [' IGTA3' '3']
 [' RAIL3' '3']
 [' GNDI3' '3']
 [' VIVT3' '4']
 [' PETR4' '4']
 [' SANB11' '4']
 [' JHSF3' '4']
 [' JBSS3' '4']]"
80,"['GOAU4', 'VALE3', 'BRML3', 'CPFE3', 'EQTL3', 'ENBR3']",0.26917863033667194,0.2756965581402828,0.4821934856197722,0.2448867537191977,"[[' BIDI11' '3']
 [' EGIE3' '3']
 [' CMIG4' '3']
 [' TAEE11' '3']
 [' PETR4' '4']
 [' KLBN11' '4']
 [' VIVT3' '4']
 [' HAPV3' '4']
 [' GOAU4' '5']
 [' JHSF3' '5']]"
81,"['EZTC3', 'ITSA4', 'MRVE3', 'TOTS3', 'LCAM3']",0.36969532589939547,0.37034431175249194,0.46474852556556884,0.521472072438971,"[[' RAIL3' '2']
 [' NTCO3' '2']
 [' SANB11' '2']
 [' RENT3' '2']
 [' BRFS3' '2']
 [' ECOR3' '3']
 [' ELET3' '3']
 [' SBSP3' '4']
 [' UGPA3' '5']
 [' CVCB3' '5']]"
82,"['CIEL3', 'HGTX3', 'LCAM3']",0.11082142752402308,0.01835230832602336,0.8895258911763793,0.05795981074834625,"[[' CSNA3' '3']
 [' COGN3' '3']
 [' ECOR3' '3']
 [' GGBR4' '3']
 [' PETR4' '3']
 [' CPLE6' '4']
 [' GOAU4' '4']
 [' HYPE3' '4']
 [' ITSA4' '5']
 [' JHSF3' '5']]"
83,"['BBSE3', 'TAEE11', 'ITUB4', 'COGN3', 'ECOR3']",0.181444930404291,0.17526964931979355,0.5852169404433345,0.10468928494574928,"[[' BRFS3' '3']
 [' PETR4' '3']
 [' CCRO3' '3']
 [' VIVT3' '3']
 [' ITSA4' '4']
 [' GOAU4' '4']
 [' HGTX3' '4']
 [' ENBR3' '4']
 [' BRML3' '4']
 [' JHSF3' '6']]"
84,"['BRFS3', 'BBSE3', 'CVCB3', 'BPAC11']",0.6039225049197882,0.7531307210053102,0.0,0.8623977599025116,"[[' CCRO3' '2']
 [' BEEF3' '2']
 [' UGPA3' '3']
 [' LWSA3' '3']
 [' LREN3' '3']
 [' AMER3' '4']
 [' VIVT3' '4']
 [' NTCO3' '4']
 [' LCAM3' '4']
 [' ITSA4' '5']]"
85,"['BRKM5', 'PETR3', 'PRIO3', 'RENT3', 'MULT3', 'RAIL3', 'CPFE3', 'BRML3', 'BBSE3']",0.4025837215978978,0.3944918477893873,0.6075176452604505,0.7721898524667926,"[[' ITSA4' '3']
 [' PCAR3' '3']
 [' ECOR3' '3']
 [' LCAM3' '3']
 [' ELET3' '3']
 [' COGN3' '3']
 [' AZUL4' '3']
 [' SBSP3' '4']
 [' VIVT3' '4']
 [' UGPA3' '5']]"
86,"['B3SA3', 'BEEF3', 'LREN3', 'YDUQ3', 'CCRO3', 'MGLU3']",0.31319172793969985,0.3316177403063848,0.21002056757697768,0.402530509391693,"[[' BBDC4' '3']
 [' CRFB3' '3']
 [' CVCB3' '4']
 [' SBSP3' '4']
 [' VIVT3' '4']
 [' ITSA4' '4']
 [' MRVE3' '4']
 [' LCAM3' '4']
 [' NTCO3' '5']
 [' GOAU4' '5']]"
87,"['USIM5', 'JHSF3', 'BBAS3', 'BRML3', 'CIEL3', 'BIDI11', 'EQTL3', 'VIVT3']",0.3534548207623993,0.31972150427472024,0.5968138919490562,0.14725435595893768,"[[' CSAN3' '2']
 [' NTCO3' '2']
 [' PETR4' '3']
 [' ENEV3' '3']
 [' GOAU4' '3']
 [' CSNA3' '3']
 [' USIM5' '3']
 [' ENBR3' '4']
 [' CCRO3' '4']
 [' BRFS3' '4']]"
88,"['BRKM5', 'COGN3', 'GNDI3', 'CCRO3', 'AZUL4', 'JBSS3', 'ABEV3']",0.5070066675647918,0.5117949553614081,0.7055236341682511,0.5318495997853544,"[[' ECOR3' '3']
 [' BRKM5' '3']
 [' FLRY3' '3']
 [' CSNA3' '3']
 [' PETR4' '3']
 [' NTCO3' '3']
 [' ITSA4' '3']
 [' LCAM3' '4']
 [' LWSA3' '5']
 [' UGPA3' '6']]"
89,"['CSNA3', 'SUZB3', 'ELET6', 'TAEE11', 'VIVT3', 'FLRY3', 'BRML3', 'KLBN11']",0.5060260141010418,0.543876009402526,0.39290419668705284,0.28718517633758067,"[[' RAIL3' '2']
 [' ENEV3' '2']
 [' JHSF3' '3']
 [' ITSA4' '3']
 [' UGPA3' '3']
 [' CMIG4' '3']
 [' LCAM3' '4']
 [' CVCB3' '4']
 [' GOAU4' '4']
 [' NTCO3' '5']]"
